,id,RS0015,RS0083,RS0095,RS0109,RS0175,RS0237,RS0247,RS0255,RS0307,RS0332,RS0343,RS0384,RS0406,RS0451,RS0468,RS0548,RS0578,RS0584,RS0639,RS0707
Slc51a,ENSMUST00000231690,0,0,0,1,0,1,0,1,0,0,0,1,0,0,0,0,0,0,0,0
Maoa,ENSMUST00000026013,0,0,0,1,0,0,0,0,0,0,0,0,1,0,0,0,0,1,0,1
Hmgb2,ENSMUST00000067925,0,1,0,0,0,0,0,0,0,0,1,0,0,0,0,1,0,0,1,0
Cps1,ENSMUST00000027144,1,0,0,1,0,0,0,0,0,0,0,0,0,0,0,1,0,1,0,0
Txndc5,ENSMUST00000160653,0,0,0,0,0,0,0,1,0,1,0,0,0,0,1,0,1,0,0,0
Klk1,ENSMUST00000206144,0,0,0,0,0,0,1,0,0,0,0,0,1,0,0,0,1,0,0,1
Clca3b,ENSMUST00000159989,0,0,0,0,0,0,0,0,1,0,0,1,1,0,0,0,0,0,1,0
Mptx2,ENSMUST00000111224,1,1,0,0,0,0,1,0,0,0,0,0,0,0,0,0,1,0,0,0
Lgr5,ENSMUST00000173740,0,1,0,0,0,0,0,0,0,0,1,0,0,1,0,0,1,0,0,0
Slc12a2,ENSMUST00000115366,0,0,0,0,0,0,0,1,1,0,0,0,0,0,0,0,0,1,1,0
Jaml,ENSMUST00000050020,0,0,1,0,0,0,1,1,0,0,0,0,0,0,0,0,1,0,0,0
Lrmp,ENSMUST00000132948,0,0,0,0,1,0,1,0,0,1,0,0,0,0,0,1,0,0,0,0
Avil,ENSMUST00000026500,0,1,0,0,0,0,0,0,0,0,0,0,1,1,0,0,0,0,0,1
Trpm5,ENSMUST00000009390,0,0,0,0,1,0,1,0,0,0,1,0,0,0,0,0,0,0,1,0
Tm4sf4,ENSMUST00000029377,0,0,1,0,0,0,0,1,0,0,1,0,1,0,0,0,0,0,0,0
Krt7,ENSMUST00000131069,0,0,0,1,0,0,1,1,0,0,0,0,0,0,0,0,0,0,0,1
Tspan13,ENSMUST00000020896,0,1,0,0,0,0,1,1,0,0,0,0,0,0,0,0,0,1,0,0
Neurog3,ENSMUST00000050103,0,0,0,1,0,0,0,1,0,0,0,0,0,1,0,1,0,0,0,0
Rcor2,ENSMUST00000113369,0,0,0,1,1,0,0,0,0,0,1,0,0,0,1,0,0,0,0,0
Sox4,ENSMUST00000067230,1,0,0,0,1,0,0,1,0,0,0,0,0,0,1,0,0,0,0,0
Hhex,ENSMUST00000025944,0,0,1,1,0,0,0,1,1,0,0,0,0,0,0,0,0,0,0,0
Rgs4,ENSMUST00000111357,0,0,0,0,0,0,0,1,1,0,0,0,0,0,1,0,0,0,0,1
Adgrf5,ENSMUST00000225962,0,0,0,0,0,0,0,0,0,0,0,1,1,0,1,0,0,0,0,1
Lmx1a,ENSMUST00000111377,1,1,1,0,0,0,0,0,0,0,0,0,0,0,1,0,0,0,0,0
Scn3a,ENSMUST00000100069,0,0,0,1,0,1,0,0,0,0,0,0,1,0,0,0,1,0,0,0
Slc18a1,ENSMUST00000037478,1,0,0,0,0,0,0,1,0,1,0,0,0,0,0,0,0,1,0,0
Pzp,ENSMUST00000112132,0,0,1,0,1,0,0,0,0,0,0,0,0,1,0,1,0,0,0,0
Agr3,ENSMUST00000042101,1,0,0,0,0,1,0,0,0,0,0,0,0,0,1,0,0,1,0,0
Crp,ENSMUST00000038495,0,0,0,0,0,1,0,0,0,0,1,0,0,0,1,1,0,0,0,0
Cd44,ENSMUST00000099673,0,0,1,0,0,0,1,0,0,0,0,1,1,0,0,0,0,0,0,0
Scarb1,ENSMUST00000086075,0,0,0,0,0,0,0,0,0,0,0,0,0,0,1,1,1,0,0,1
Cnr1,ENSMUST00000057188,0,0,0,0,1,1,0,0,0,0,0,0,0,0,1,0,0,0,0,1
Etv1,ENSMUST00000159334,0,0,1,1,0,0,1,0,0,0,0,0,0,0,0,0,0,0,1,0
Pax6,ENSMUST00000090391,0,0,1,0,0,0,0,0,0,0,0,1,0,1,0,0,0,0,0,1
Isl1,ENSMUST00000176044,0,0,0,0,0,1,1,0,0,0,0,0,1,0,0,0,0,1,0,0
Adgrd1,ENSMUST00000156437,0,0,0,0,0,0,0,0,0,1,1,0,0,0,1,0,0,1,0,0
Nt5e,ENSMUST00000034992,0,0,1,0,0,0,0,0,1,0,0,0,0,0,0,0,1,0,0,1
Slc26a4,ENSMUST00000001253,0,0,1,0,0,0,0,0,0,0,0,1,0,0,0,1,1,0,0,0
Maged2,ENSMUST00000112697,0,0,0,0,0,1,1,0,0,0,0,1,0,0,0,0,1,0,0,0
Plb1,ENSMUST00000101376,0,0,0,1,0,0,1,0,0,0,0,0,1,0,1,0,0,0,0,0
Acsl1,ENSMUST00000034046,0,0,0,0,0,0,0,0,0,1,0,0,0,1,1,1,0,0,0,0
Gper1,ENSMUST00000066211,0,0,0,1,0,0,0,0,0,0,1,0,1,1,0,0,0,0,0,0
Mboat4,ENSMUST00000095345,0,0,0,0,0,1,0,0,0,0,1,0,0,0,0,0,1,0,1,0
Lct,ENSMUST00000073490,0,0,0,1,0,0,0,0,0,1,0,0,0,1,0,0,0,1,0,0
Apob,ENSMUST00000171239,0,1,0,0,0,0,0,0,0,1,0,0,0,0,0,1,0,1,0,0
Net1,ENSMUST00000099946,1,0,0,0,0,0,0,0,0,0,1,0,0,0,1,0,0,0,0,1
Ccnl2,ENSMUST00000126346,0,0,0,0,0,0,0,1,0,0,1,0,0,0,0,1,0,1,0,0
Ada,ENSMUST00000017841,0,0,1,0,0,0,0,0,0,0,0,0,1,0,1,0,0,0,1,0
Neat1,ENSMUST00000174287,0,1,0,0,0,0,1,0,0,0,0,0,1,0,0,1,0,0,0,0
Slc5a1,ENSMUST00000011178,0,0,1,0,0,0,1,0,0,0,1,0,0,0,0,1,0,0,0,0
Slc2a2,ENSMUST00000169047,1,0,0,0,0,0,0,0,1,0,0,0,0,1,1,0,0,0,0,0
Nlrp6,ENSMUST00000106045,0,0,0,0,0,0,1,0,0,1,1,0,1,0,0,0,0,0,0,0
Mki67,ENSMUST00000033310,0,1,0,0,0,0,0,1,0,0,1,0,0,0,0,0,0,0,0,1
Stmn1,ENSMUST00000030636,1,0,0,0,0,0,0,0,0,0,0,1,0,0,1,0,0,0,1,0
Gp2,ENSMUST00000033255,0,0,0,0,1,0,0,0,0,0,1,0,0,1,0,0,0,1,0,0
Marcksl1,ENSMUST00000062356,0,1,1,0,1,0,0,0,0,0,0,0,1,0,0,0,0,0,0,0
Ccl9,ENSMUST00000019266,1,0,0,0,0,1,0,0,0,0,0,0,0,0,0,1,0,0,0,1
Vim,ENSMUST00000028062,0,0,0,0,0,1,0,0,0,1,0,1,0,0,0,1,0,0,0,0
Acta2,ENSMUST00000238147,1,0,0,0,0,0,0,0,0,0,0,1,1,0,0,0,1,0,0,0
Thy1,ENSMUST00000114840,1,0,0,0,0,0,0,0,0,0,1,0,0,1,0,1,0,0,0,0
Cspg4,ENSMUST00000214057,0,0,0,1,0,0,0,1,0,0,0,0,1,0,0,0,0,0,1,0
Elavl3,ENSMUST00000003501,1,0,0,0,0,0,0,0,0,0,0,0,1,0,1,1,0,0,0,0
Phox2b,ENSMUST00000012664,1,0,1,0,0,1,0,0,0,0,0,0,0,0,0,0,1,0,0,0
Sox10,ENSMUST00000040019,0,1,0,0,0,0,0,0,0,0,0,1,0,0,0,0,1,0,0,1
S100b,ENSMUST00000036387,1,0,1,0,0,0,0,0,0,0,0,0,0,0,0,0,0,1,1,0
Nes,ENSMUST00000160694,0,0,1,0,0,0,0,1,0,1,0,0,0,0,0,0,0,0,1,0
Cd3d,ENSMUST00000034602,0,0,1,0,0,0,1,0,0,1,0,0,0,0,0,0,0,0,0,1
Cd3e,ENSMUST00000102832,0,0,1,1,0,0,0,0,0,0,1,0,0,0,0,0,0,0,0,1
Cd4,ENSMUST00000024044,0,0,0,0,1,0,0,0,0,0,0,0,1,0,0,0,1,0,1,0
Tbx21,ENSMUST00000001484,0,0,0,0,1,0,0,0,0,0,1,0,1,0,0,1,0,0,0,0
Ifng,ENSMUST00000068592,0,0,0,0,0,1,1,1,0,0,1,0,0,0,0,0,0,0,0,0
Il4,ENSMUST00000127858,0,0,0,0,0,1,0,0,1,0,0,0,1,0,1,0,0,0,0,0
Il9,ENSMUST00000022019,0,0,0,0,0,1,1,0,0,1,0,0,0,0,0,0,0,0,1,0
Il17a,ENSMUST00000027061,1,0,0,0,0,0,0,1,1,0,0,0,1,0,0,0,0,0,0,0
Ifnar1,ENSMUST00000117748,0,0,0,1,1,0,1,0,0,0,0,0,0,1,0,0,0,0,0,0
Il10,ENSMUST00000016673,1,0,0,0,0,0,1,0,0,1,0,0,0,0,1,0,0,0,0,0
Foxp3,ENSMUST00000235116,1,0,0,0,1,0,1,0,0,0,0,0,0,0,0,0,0,1,0,0
Tigit,ENSMUST00000096065,0,0,0,1,0,0,0,0,1,0,0,0,0,0,1,0,0,1,0,0
Icos,ENSMUST00000102827,0,0,1,0,0,0,0,0,0,0,0,0,1,1,0,0,1,0,0,0
Cxcr5,ENSMUST00000062215,0,0,0,0,0,1,0,0,0,0,0,0,0,0,0,1,1,1,0,0
Sell,ENSMUST00000097491,0,0,0,0,0,0,0,1,0,1,0,0,1,0,0,0,0,0,0,1
Ccr7,ENSMUST00000103134,0,0,0,0,0,0,0,0,0,0,1,0,0,1,1,0,0,0,1,0
Ptprcap,ENSMUST00000236632,0,0,0,0,1,0,0,1,0,0,0,0,0,0,0,1,1,0,0,0
Itgae,ENSMUST00000006101,0,1,0,0,0,0,0,1,0,0,0,0,0,0,1,1,0,0,0,0
Cd8a,ENSMUST00000172321,1,0,0,0,0,1,0,0,0,0,0,0,0,1,0,0,0,0,1,0
Cd8b1,ENSMUST00000065248,0,1,1,1,0,0,0,0,0,0,0,1,0,0,0,0,0,0,0,0
Trdc,ENSMUST00000196323,0,1,0,0,1,0,0,0,0,0,0,0,0,0,0,0,1,1,0,0
Cd79a,ENSMUST00000003469,1,0,0,0,0,0,0,0,0,1,1,0,0,0,0,0,0,0,1,0
Cd79b,ENSMUST00000167143,0,0,0,1,0,0,0,0,0,1,0,0,0,0,0,1,0,0,1,0
Mzb1,ENSMUST00000025211,0,0,0,0,0,0,1,0,0,0,0,0,0,1,0,1,0,0,0,1
Cd27,ENSMUST00000112281,1,0,0,0,1,0,0,0,0,0,0,0,0,0,0,0,1,0,0,1
Sdc1,ENSMUST00000171158,0,0,0,1,0,0,0,0,0,0,0,1,0,1,0,0,0,0,1,0
Ms4a1,ENSMUST00000169159,0,0,1,0,0,1,1,0,0,0,0,0,0,0,1,0,0,0,0,0
Ighd,ENSMUST00000194162,0,0,0,0,0,1,0,0,0,1,0,0,0,0,0,0,1,0,0,1
Fcgr4,ENSMUST00000078825,0,0,0,0,1,0,0,0,0,0,0,1,1,0,0,0,0,1,0,0
Cd34,ENSMUST00000016638,0,1,0,1,0,1,0,0,0,0,0,0,0,0,0,0,0,0,0,1
Itgam,ENSMUST00000106242,0,0,1,0,0,0,0,0,1,1,0,0,1,0,0,0,0,0,0,0
Mpo,ENSMUST00000121303,0,0,0,0,1,0,0,0,0,1,0,0,0,1,0,0,0,0,0,1
Ly6g,ENSMUST00000190262,0,1,0,0,0,0,0,0,0,0,0,1,0,0,1,0,0,1,0,0
Il5,ENSMUST00000048605,1,1,0,0,0,0,0,0,1,0,0,0,0,0,0,1,0,0,0,0
Ccr3,ENSMUST00000039171,0,1,0,0,0,0,1,0,0,0,1,0,0,0,1,0,0,0,0,0
Tpsb2,ENSMUST00000069616,0,0,1,0,1,0,0,0,0,0,0,0,0,0,1,0,1,0,0,0
Kit,ENSMUST00000202167,0,1,0,1,0,0,0,0,0,0,0,0,0,0,0,0,0,1,1,0
H2-Eb1,ENSMUST00000236232,0,0,0,0,1,0,0,1,1,0,1,0,0,0,0,0,0,0,0,0
Tymp,ENSMUST00000023285,0,0,0,0,0,0,1,0,0,0,1,0,0,0,0,0,0,1,0,1
Lamp3,ENSMUST00000081880,0,0,1,1,0,0,0,0,0,0,0,0,0,0,1,1,0,0,0,0
Clec9a,ENSMUST00000058352,0,0,0,0,0,0,0,1,0,0,0,1,0,0,0,0,1,0,1,0
Gzmb,ENSMUST00000015581,1,1,0,0,0,0,0,0,0,0,1,0,1,0,0,0,0,0,0,0
Vcan,ENSMUST00000109543,0,0,0,1,1,0,0,0,1,0,0,0,1,0,0,0,0,0,0,0
C1qb,ENSMUST00000046384,0,0,1,0,0,0,0,1,0,0,0,1,0,0,0,0,0,1,0,0
Il7r,ENSMUST00000228782,0,0,1,1,0,0,0,0,0,1,0,0,0,0,0,0,1,0,0,0
Nkg7,ENSMUST00000070518,1,0,0,0,0,0,1,0,0,0,0,0,1,0,0,0,0,0,1,0
Cmc1,ENSMUST00000215799,0,0,1,0,0,0,1,0,1,0,0,0,0,0,0,0,0,1,0,0
Fcer1a,ENSMUST00000193017,0,0,0,0,0,0,0,0,0,1,1,1,0,0,0,0,1,0,0,0
Fcna,ENSMUST00000142371,1,0,0,0,1,0,0,0,0,0,0,1,0,0,0,1,0,0,0,0
Cd14,ENSMUST00000061829,1,0,0,0,0,0,0,0,1,0,0,0,0,0,0,0,1,1,0,0
C1qc,ENSMUST00000046332,0,0,1,0,0,0,0,0,0,0,0,0,0,0,1,0,0,1,0,1
Prf1,ENSMUST00000035419,1,0,0,0,0,0,0,0,0,1,0,0,0,1,0,0,1,0,0,0
Cadm1,ENSMUST00000085909,0,1,0,0,0,1,0,1,0,1,0,0,0,0,0,0,0,0,0,0
Clec4a2,ENSMUST00000032248,0,0,0,0,0,0,1,0,0,0,0,1,0,0,0,1,0,0,1,0
Il3ra,ENSMUST00000224877,1,0,0,0,0,0,0,1,0,0,1,0,0,0,0,0,1,0,0,0
Tnfrsf21,ENSMUST00000024708,0,0,0,1,0,1,0,0,0,0,0,0,0,0,1,0,0,0,1,0
Gpr18,ENSMUST00000055475,0,0,0,0,0,0,1,0,1,0,0,0,1,1,0,0,0,0,0,0
Gpbar1,ENSMUST00000077985,0,1,0,0,0,1,1,0,0,0,0,0,0,1,0,0,0,0,0,0
Cysltr1,ENSMUST00000064892,0,0,0,1,0,0,0,1,0,0,0,0,0,0,0,0,1,1,0,0
Cysltr2,ENSMUST00000228154,0,1,0,0,0,0,0,0,1,0,1,1,0,0,0,0,0,0,0,0
Ffar1,ENSMUST00000052700,1,0,1,0,0,0,0,0,0,0,1,1,0,0,0,0,0,0,0,0
Ffar2,ENSMUST00000163504,0,0,0,1,0,0,0,0,0,0,0,0,0,0,0,0,1,0,1,1
Ffar3,ENSMUST00000094583,1,0,0,0,0,0,0,0,0,0,0,0,0,0,0,1,1,0,1,0
Ffar4,ENSMUST00000067098,0,0,0,0,1,0,0,0,0,1,0,0,0,0,1,0,0,0,1,0
Gpr84,ENSMUST00000079824,0,0,0,0,0,0,0,0,0,1,0,1,0,0,0,0,0,0,1,1
Gpr31b,ENSMUST00000091648,0,1,0,0,0,1,0,0,1,0,0,0,0,0,0,0,0,1,0,0
Ltb4r1,ENSMUST00000057569,1,0,0,1,0,1,0,0,1,0,0,0,0,0,0,0,0,0,0,0
Ltb4r2,ENSMUST00000044554,1,0,1,0,1,0,0,0,1,0,0,0,0,0,0,0,0,0,0,0
Lpar1,ENSMUST00000107570,0,0,1,0,0,1,0,0,1,0,0,1,0,0,0,0,0,0,0,0
Lpar2,ENSMUST00000164890,0,0,0,0,0,0,1,0,1,0,0,0,0,0,1,1,0,0,0,0
Lpar3,ENSMUST00000039164,0,0,1,0,0,1,0,0,0,1,0,0,0,0,0,0,0,1,0,0
Lpar4,ENSMUST00000060576,0,0,0,0,0,1,0,0,0,0,1,0,0,1,0,0,0,0,0,1
Lpar5,ENSMUST00000140346,0,0,0,0,0,1,0,0,1,1,1,0,0,0,0,0,0,0,0,0
Lpar6,ENSMUST00000044405,1,0,0,0,1,0,0,0,0,1,0,0,1,0,0,0,0,0,0,0
Gpr87,ENSMUST00000056898,0,1,0,0,1,0,0,0,0,0,0,1,0,0,0,0,0,0,1,0
Gpr55,ENSMUST00000086975,0,1,0,0,1,0,0,0,0,1,1,0,0,0,0,0,0,0,0,0
Gpr34,ENSMUST00000096492,0,0,1,0,0,0,0,1,0,0,0,0,0,1,1,0,0,0,0,0
P2ry10,ENSMUST00000150494,1,0,1,0,0,0,1,0,0,0,0,0,0,1,0,0,0,0,0,0
P2ry10b,ENSMUST00000180182,0,0,0,1,0,0,0,0,0,1,0,0,0,0,1,0,0,0,0,1
Gpr174,ENSMUST00000117310,0,0,0,0,1,0,1,0,1,0,0,0,0,0,0,0,1,0,0,0
Gpr119,ENSMUST00000053970,0,1,0,1,0,0,0,0,0,0,0,0,0,1,1,0,0,0,0,0
Ptgdr,ENSMUST00000095959,0,0,0,1,0,0,1,0,0,0,1,0,0,0,0,0,1,0,0,0
Ptgdr2,ENSMUST00000037261,1,0,1,0,0,0,0,1,0,0,0,0,0,0,0,0,0,0,0,1
Ptger1,ENSMUST00000019608,0,0,0,0,0,0,0,0,0,0,1,0,1,0,0,0,0,0,1,1
Ptger2,ENSMUST00000046891,0,1,0,0,0,0,0,0,1,1,0,0,0,0,0,0,0,0,0,1
Ptger3,ENSMUST00000196682,0,0,0,0,0,1,0,1,1,0,0,0,0,0,0,0,1,0,0,0
Ptger4,ENSMUST00000047379,0,0,0,0,1,0,0,0,1,1,0,0,0,0,0,0,0,1,0,0
Ptgfr,ENSMUST00000106126,0,0,1,0,0,0,0,0,0,1,1,0,0,1,0,0,0,0,0,0
Ptgir,ENSMUST00000086101,0,1,1,0,0,0,0,0,0,0,0,0,0,0,0,1,0,0,0,1
S1pr1,ENSMUST00000055676,0,0,0,0,1,0,1,0,0,0,0,1,0,0,1,0,0,0,0,0
S1pr2,ENSMUST00000054197,0,0,0,0,1,1,0,0,0,0,0,0,0,1,0,0,1,0,0,0
S1pr3,ENSMUST00000087978,0,1,0,0,0,0,0,0,0,0,0,0,0,0,1,0,0,0,1,1
S1pr4,ENSMUST00000053646,1,0,0,1,1,0,0,0,0,0,0,0,0,0,0,0,0,0,1,0
S1pr5,ENSMUST00000122088,0,0,1,0,0,0,0,0,0,1,0,1,0,0,1,0,0,0,0,0
Tbxa2r,ENSMUST00000105325,0,0,0,0,1,0,0,0,1,0,0,1,0,1,0,0,0,0,0,0
Fzd1,ENSMUST00000054294,0,0,0,0,0,1,0,0,0,1,0,0,1,1,0,0,0,0,0,0
Fzd7,ENSMUST00000114246,0,1,1,0,0,1,0,0,0,0,1,0,0,0,0,0,0,0,0,0
Fzd2,ENSMUST00000057893,1,0,0,0,0,0,1,0,0,0,0,1,0,0,0,0,0,0,0,1
Fzd3,ENSMUST00000131309,0,0,0,1,0,0,0,0,0,1,0,1,1,0,0,0,0,0,0,0
Fzd4,ENSMUST00000058755,1,0,0,0,0,0,1,0,1,0,1,0,0,0,0,0,0,0,0,0
Fzd5,ENSMUST00000116133,0,0,0,0,1,0,0,0,0,0,1,1,0,0,0,0,0,0,0,1
Fzd8,ENSMUST00000041080,0,0,1,0,0,0,0,0,1,0,1,0,0,0,1,0,0,0,0,0
Fzd6,ENSMUST00000022906,0,1,1,0,0,0,0,0,0,0,0,0,0,1,0,0,0,1,0,0
Fzd10,ENSMUST00000117102,1,0,1,1,0,0,0,0,0,0,0,0,1,0,0,0,0,0,0,0
Fzd9,ENSMUST00000062572,0,1,0,0,0,0,1,0,0,1,0,1,0,0,0,0,0,0,0,0
Smo,ENSMUST00000001812,0,0,0,0,0,0,0,0,0,0,0,1,0,1,0,0,1,1,0,0
Chrm1,ENSMUST00000035444,0,1,0,0,1,1,0,0,0,0,0,0,0,0,0,1,0,0,0,0
Chrm2,ENSMUST00000172278,0,0,0,0,0,0,1,1,0,0,0,0,0,0,1,0,0,0,1,0
Chrm3,ENSMUST00000063093,0,1,0,0,0,0,0,0,1,0,0,0,1,0,0,0,1,0,0,0
Chrm4,ENSMUST00000045537,0,1,0,0,0,0,0,0,0,1,0,0,0,1,0,0,0,0,1,0
Chrm5,ENSMUST00000099589,0,0,0,1,0,0,0,0,1,0,0,0,0,1,0,0,1,0,0,0
Adra1a,ENSMUST00000225182,0,0,0,0,0,1,0,0,0,0,0,1,0,1,1,0,0,0,0,0
Adra1b,ENSMUST00000124306,0,0,0,0,0,0,0,1,0,0,0,1,0,0,0,1,0,0,0,1
Adra1d,ENSMUST00000103184,0,0,0,0,0,0,0,0,1,0,0,1,0,0,1,0,1,0,0,0
Adra2a,ENSMUST00000237285,0,0,0,0,0,0,0,0,1,1,0,0,0,0,0,0,1,0,1,0
Adra2b,ENSMUST00000071902,1,1,0,0,0,0,0,0,0,0,0,0,0,0,0,0,0,1,0,1
Adra2c,ENSMUST00000049545,0,0,0,0,0,1,0,0,0,0,0,1,0,0,0,0,0,1,0,1
Adrb1,ENSMUST00000038949,0,1,0,0,0,0,0,1,1,0,0,0,0,1,0,0,0,0,0,0
Adrb2,ENSMUST00000053640,0,0,0,1,0,0,0,0,1,0,0,1,0,0,0,0,0,0,0,1
Adrb3,ENSMUST00000117565,0,0,0,0,0,0,1,0,0,0,0,0,0,1,0,0,0,1,1,0
Drd1,ENSMUST00000021932,0,0,0,0,0,1,0,1,0,0,0,0,0,0,0,0,0,0,1,1
Drd2,ENSMUST00000075764,0,0,0,0,0,0,0,1,0,0,1,1,0,0,1,0,0,0,0,0
Drd3,ENSMUST00000023390,0,0,0,0,0,0,1,1,0,1,0,0,0,1,0,0,0,0,0,0
Drd4,ENSMUST00000026569,1,0,0,0,0,0,1,1,0,0,0,0,0,0,0,1,0,0,0,0
Drd5,ENSMUST00000041646,1,0,0,1,0,0,0,0,0,0,0,0,0,1,0,0,0,0,0,1
Hrh1,ENSMUST00000160780,0,1,0,0,0,0,0,0,0,1,0,0,1,0,1,0,0,0,0,0
Hrh2,ENSMUST00000038101,0,0,0,0,0,0,0,1,0,0,0,0,1,0,1,0,0,1,0,0
Hrh3,ENSMUST00000164442,0,1,0,0,0,0,0,1,0,0,0,1,1,0,0,0,0,0,0,0
Hrh4,ENSMUST00000234084,0,0,0,1,0,0,0,0,1,0,1,0,0,0,0,0,0,0,1,0
Htr1a,ENSMUST00000022235,0,0,0,0,0,1,0,0,1,0,0,0,0,1,0,1,0,0,0,0
Htr1b,ENSMUST00000051005,0,0,0,0,1,0,0,1,0,1,0,1,0,0,0,0,0,0,0,0
Htr1d,ENSMUST00000117699,0,0,0,0,0,0,1,1,1,0,0,1,0,0,0,0,0,0,0,0
Htr1f,ENSMUST00000063076,0,0,0,0,1,0,0,1,0,0,0,0,0,1,0,0,0,0,1,0
Htr2a,ENSMUST00000036653,0,0,0,0,0,0,0,1,0,0,0,0,0,1,0,0,1,0,0,1
Htr2b,ENSMUST00000155077,0,0,0,0,0,0,1,0,0,0,1,1,0,1,0,0,0,0,0,0
Htr2c,ENSMUST00000156697,0,0,0,1,0,1,1,0,0,0,0,0,0,0,0,1,0,0,0,0
Htr4,ENSMUST00000238081,0,1,0,0,0,1,0,0,0,0,0,0,1,0,0,0,0,0,1,0
Htr5a,ENSMUST00000036227,0,0,0,0,1,0,1,1,0,0,0,0,1,0,0,0,0,0,0,0
Htr5b,ENSMUST00000055884,0,1,0,0,0,0,1,0,1,0,0,0,0,0,0,0,0,0,1,0
Htr6,ENSMUST00000068036,0,0,1,0,1,1,0,1,0,0,0,0,0,0,0,0,0,0,0,0
Htr7,ENSMUST00000170360,0,0,0,0,0,0,0,0,1,0,0,0,1,0,0,1,0,0,0,1
Taar7b,ENSMUST00000092658,0,0,0,1,0,0,0,0,0,0,1,1,0,0,0,1,0,0,0,0
Taar4,ENSMUST00000092660,0,1,0,0,1,0,1,0,0,0,0,0,0,0,0,0,0,0,0,1
Taar1,ENSMUST00000051532,0,0,0,0,0,0,1,0,0,1,0,0,0,0,0,0,1,1,0,0
Taar6,ENSMUST00000057080,1,1,0,1,0,0,0,0,0,1,0,0,0,0,0,0,0,0,0,0
Taar7a,ENSMUST00000078532,0,0,0,1,1,1,0,0,0,1,0,0,0,0,0,0,0,0,0,0
Taar8a,ENSMUST00000051133,0,0,0,0,0,0,0,0,0,1,1,0,0,0,0,1,0,0,0,1
Taar7e,ENSMUST00000092656,1,0,0,0,1,1,0,0,0,0,1,0,0,0,0,0,0,0,0,0
Taar8b,ENSMUST00000092654,0,1,0,1,0,0,0,0,0,0,0,0,0,0,0,1,1,0,0,0
Taar2,ENSMUST00000079134,0,0,0,0,1,0,0,0,0,0,0,0,0,0,1,1,0,1,0,0
Taar5,ENSMUST00000092659,0,0,0,0,0,0,0,0,0,0,0,0,0,0,0,1,0,1,1,1
Taar7d,ENSMUST00000092657,0,0,0,1,1,0,0,0,0,0,0,0,0,0,0,1,0,0,0,1
Taar7f,ENSMUST00000071691,0,1,0,0,1,0,0,0,1,0,0,0,0,0,1,0,0,0,0,0
Taar3,ENSMUST00000045152,0,1,0,0,0,0,0,0,0,0,0,1,0,1,0,1,0,0,0,0
Taar8c,ENSMUST00000170267,0,0,0,0,0,0,0,1,1,1,0,0,0,0,0,1,0,0,0,0
Taar9,ENSMUST00000041180,0,0,0,1,0,0,1,0,0,0,0,1,0,0,0,0,0,1,0,0
Cckar,ENSMUST00000031093,0,0,0,0,1,0,0,0,1,0,0,0,0,0,0,1,0,0,1,0
Cckbr,ENSMUST00000181339,0,0,0,0,0,1,1,0,1,0,0,0,0,0,0,0,0,0,0,1
Galr1,ENSMUST00000065224,1,0,0,0,0,0,0,0,0,0,0,0,1,1,0,0,0,1,0,0
Galr2,ENSMUST00000055872,0,0,0,0,0,0,0,0,1,0,1,0,0,0,0,1,1,0,0,0
Galr3,ENSMUST00000058004,0,0,1,0,0,0,0,0,1,0,0,0,0,1,0,0,0,0,1,0
Kiss1r,ENSMUST00000219745,0,0,0,1,1,0,0,0,0,0,0,1,0,0,0,0,1,0,0,0
Ghsr,ENSMUST00000057186,0,0,1,0,0,0,0,0,0,0,1,0,0,0,0,0,1,1,0,0
Ntsr1,ENSMUST00000170448,0,1,1,0,0,0,0,0,0,0,0,0,0,0,0,0,1,0,1,0
Ntsr2,ENSMUST00000111064,1,1,0,0,0,1,0,0,0,0,0,1,0,0,0,0,0,0,0,0
Sstr1,ENSMUST00000110671,0,0,0,0,0,1,0,1,0,0,0,0,0,1,0,0,0,1,0,0
Sstr2,ENSMUST00000067591,0,0,1,0,1,0,0,0,0,0,0,0,0,0,0,0,0,0,1,1
Sstr3,ENSMUST00000053239,0,0,1,0,0,1,0,0,0,0,0,0,0,0,0,1,0,0,1,0
Sstr4,ENSMUST00000109962,1,0,0,0,0,0,0,0,1,1,0,1,0,0,0,0,0,0,0,0
Sstr5,ENSMUST00000165183,0,0,0,0,0,0,0,0,0,0,0,0,0,0,1,0,1,1,1,0
Glp1r,ENSMUST00000236038,0,0,1,0,0,0,0,0,0,0,0,0,1,0,0,1,0,1,0,0
Glp2r,ENSMUST00000051765,1,1,0,0,1,0,0,0,0,0,0,0,0,1,0,0,0,0,0,0
Gcgr,ENSMUST00000026119,0,0,0,1,0,0,0,1,0,1,1,0,0,0,0,0,0,0,0,0
Gipr,ENSMUST00000094790,0,0,0,0,0,0,0,0,0,0,0,0,1,1,0,1,0,0,1,0
Sctr,ENSMUST00000189037,0,0,0,0,0,0,0,0,1,0,0,0,0,1,0,0,0,1,0,1
Blank-01,Blank-01,0,0,0,0,1,0,0,1,0,0,0,0,0,0,0,0,0,1,0,1
Blank-02,Blank-02,1,0,0,0,0,0,0,0,1,0,0,0,0,0,0,0,0,0,1,1
Blank-03,Blank-03,1,0,0,1,0,0,0,0,0,0,0,0,0,0,1,0,1,0,0,0
Blank-04,Blank-04,0,0,0,0,1,0,0,0,0,0,0,0,1,1,1,0,0,0,0,0
Blank-05,Blank-05,0,1,0,0,0,1,0,0,0,0,0,0,0,0,1,0,1,0,0,0
Blank-06,Blank-06,0,0,0,0,0,0,0,0,1,0,1,0,1,0,0,0,0,1,0,0
Blank-07,Blank-07,0,0,0,0,1,1,0,0,0,0,0,0,0,0,0,0,0,1,1,0
Blank-08,Blank-08,0,1,0,1,1,0,0,1,0,0,0,0,0,0,0,0,0,0,0,0
Blank-09,Blank-09,0,0,1,1,0,1,0,0,0,0,0,0,0,1,0,0,0,0,0,0
Blank-10,Blank-10,0,0,1,0,0,1,0,0,0,0,0,0,1,0,0,0,0,0,0,1
Blank-11,Blank-11,0,0,0,0,0,0,1,0,0,0,0,0,0,1,1,0,1,0,0,0
Blank-12,Blank-12,0,0,1,1,1,0,0,0,0,0,0,0,0,0,0,0,0,1,0,0
Blank-13,Blank-13,0,0,0,0,0,0,0,0,0,1,0,0,1,0,0,1,1,0,0,0
Blank-14,Blank-14,0,0,0,0,0,0,0,0,0,0,1,0,1,0,1,0,1,0,0,0
Blank-15,Blank-15,0,0,0,0,0,1,0,1,0,0,0,0,1,0,0,1,0,0,0,0
Blank-16,Blank-16,0,0,0,0,0,0,0,0,1,0,0,1,0,0,0,1,0,1,0,0
Blank-17,Blank-17,0,0,0,0,0,1,0,0,0,0,1,1,1,0,0,0,0,0,0,0
Blank-18,Blank-18,0,0,0,1,0,1,0,0,0,0,1,0,0,0,0,0,0,1,0,0
Blank-19,Blank-19,1,0,1,0,0,0,0,0,0,1,0,0,0,0,0,1,0,0,0,0
Blank-20,Blank-20,0,0,0,0,0,0,0,0,0,0,1,1,0,0,0,0,0,1,1,0
Blank-21,Blank-21,0,0,0,0,0,0,0,0,0,1,0,0,1,0,0,0,0,1,1,0
Blank-22,Blank-22,1,0,0,0,0,0,0,1,0,0,0,1,0,1,0,0,0,0,0,0
Blank-23,Blank-23,1,1,0,0,0,0,0,1,0,0,0,0,0,0,0,0,0,0,1,0
Blank-24,Blank-24,0,0,0,1,0,0,1,0,1,1,0,0,0,0,0,0,0,0,0,0